id,logged_at,tournament,round,surface,p1,p2,p1_matches,p2_matches,win_prob_p1,favorite,target_line,target_odds,status,actual_winner,actual_score,favorite_margin,prediction_correct,line_covered
1,2026-09-29T13:12:57,Mouilleron le Captif,R1,Hard,Philip Henning,Tristan Schoolkate,51,248,0.27,Tristan Schoolkate,3.5,2.12,pending,,,,,
2,2026-09-29T13:12:57,Jingshan,R1,Hard,Marat Sharipov,Dalibor Svrcina,57,291,0.47,Dalibor Svrcina,-0.5,1.86,pending,,,,,
3,2026-09-29T13:12:57,Curitiba,R1,Clay,Lorenzo Joaquin Rodriguez,Tomas Barrios Vera,39,443,0.13,Tomas Barrios Vera,4.5,1.82,resolved,Tomas Barrios Vera,6-1 6-1,10.0,True,True
4,2026-09-29T13:12:57,Columbus,R1,Hard,Igor Ribeiro Marcondes,Andrew Fenty,49,34,0.79,Igor Ribeiro Marcondes,3.5,1.76,pending,,,,,
5,2026-09-29T13:12:57,Mouilleron le Captif,R1,Hard,Billy Harris,Felix Balshaw,268,30,0.37,Felix Balshaw,1.5,1.81,resolved,Felix Balshaw,7-6(6) 3-6 7-6(3),-1.0,True,False
6,2026-09-29T13:18:06,Porto (Monte Aventino),R1,Hard,Cezar Cretu,Henrique Rocha,73,186,0.3771507769887756,Henrique Rocha,1.5,1.8445079774970023,resolved,Henrique Rocha,7-5 6-3,5.0,True,True
7,2026-09-29T13:18:06,Porto (Monte Aventino),R1,Hard,Moez Echargui,Damir Dzumhur,152,879,0.2817041526375196,Damir Dzumhur,2.5,1.7511601435951316,pending,,,,,
8,2026-09-29T13:18:06,Columbus,R1,Hard,Trevor Svajda,Andres Andrade,43,135,0.4205117817640519,Andres Andrade,1.5,2.0191822311963654,pending,,,,,
9,2026-09-29T13:18:06,Columbus,R2,Hard,Braden Shick,Mees Rottgering,30,31,0.3449860019447927,Mees Rottgering,2.5,1.9976028765481424,pending,,,,,
10,2026-09-29T13:18:06,Bari,R2,Clay,Zsombor Piros,Enrico Dalla Valle,326,148,0.81,Zsombor Piros,4.5,2.08,pending,,,,,
11,2026-09-29T13:18:06,Bari,R1,Clay,Pol Martin Tiffon,Laurent Lokoli,129,174,0.55,Pol Martin Tiffon,0.5,1.89,resolved,Laurent Lokoli,6-7(5) 6-3 7-5,-4.0,False,False
12,2026-09-29T13:18:06,Jingshan,R1,Hard,Stefanos Sakellaridis,Yuta Shimizu,109,191,0.739602078729449,Stefanos Sakellaridis,3.5,1.9956096587507484,resolved,Yuta Shimizu,7-6(11) 6-2,-5.0,False,False
13,2026-09-29T13:18:06,Jingshan,R1,Hard,Marat Sharipov,Dalibor Svrcina,57,291,0.4740937640486825,Dalibor Svrcina,-0.5,1.8613308515588645,pending,,,,,
14,2026-09-29T13:18:06,Mouilleron le Captif,R1,Hard,Alberto Barroso Campos,Joel Schwaerzler,25,129,0.3065887103496286,Joel Schwaerzler,2.5,1.836715951878042,resolved,Joel Schwaerzler,6-3 7-5,5.0,True,True
15,2026-09-29T13:18:06,Mouilleron le Captif,R1,Hard,Liam Broady,Dominic Stricker,504,229,0.4574020839383961,Dominic Stricker,-0.5,1.805706031058144,pending,,,,,
